{
"lengthUnit": "mil",
"components": {
	"fields": ["COMPONENT_NO", "COMPONENT_NAME", "LAYER", "X_COORDINATE", "Y_COORDINATE", "ANGLE"],
	"rows": [
		[1, "BOCINA", "T", 4408.24, -1202.11, 270],
		[2, "C1", "T", 3795, -2850, 0],
		[3, "C2", "T", 3790, -3070, 0],
		[4, "C3", "T", 1435, -3270, 90],
		[5, "C4", "T", 2130, -3320, 270],
		[6, "C5", "T", 1955, -2770, 0],
		[7, "C6", "T", 1435, -1300, 90],
		[8, "C7", "T", 2140, -1345, 270],
		[9, "C8", "T", 1940, -805, 0],
		[10, "Chip-logico-MicroSD", "T", 3650, -3255, 90],
		[11, "D1", "T", 3338.24, -1087.11, 270],
		[12, "D2", "T", 2065, -3450, 0],
		[13, "D3", "T", 2080, -1470, 0],
		[14, "GPS", "T", 4410, -1710, 270],
		[15, "H2", "T", 2625, -1660, 180],
		[16, "H3", "T", 3575, -1660, 180],
		[17, "H4", "T", 2620, -2660, 0],
		[18, "H5", "T", 3570, -2660, 0],
		[19, "L1", "T", 2030, -3320, 90],
		[20, "L2", "T", 2035, -1345, 90],
		[21, "LCD", "T", 4410, -2415, 270],
		[22, "LectordetarjetaSD", "T", 4110, -3165, 90],
		[23, "LED1", "T", 3043.24, -1197.11, 270],
		[24, "LED2", "T", 3173.24, -1197.11, 270],
		[25, "PWR", "T", 2655, -890, 0],
		[26, "Q1", "T", 3173.24, -1382.11, 270],
		[27, "R1", "T", 3770, -3470, 180],
		[28, "R2", "T", 3390, -3090, 270],
		[29, "R3", "T", 3505, -3470, 0],
		[30, "R4", "T", 3390, -3255, 90],
		[31, "R5", "T", 3043.24, -1027.11, 90],
		[32, "R6", "T", 3173.24, -1027.11, 90],
		[33, "R7", "T", 3343.24, -1407.11, 90],
		[34, "R9", "T", 1715, -2770, 180],
		[35, "R10", "T", 1696.94, -805.65, 180],
		[36, "Regulador3.3V-ESP32", "T", 2655, -1345, 0],
		[37, "Regulador-MicroSD", "T", 3538.84, -2957.84, 90],
		[38, "RELE", "T", 3835, -1200, 0],
		[39, "SIM7600G", "T", 2770, -2845, 180],
		[40, "U1", "T", 1685, -3220, 90],
		[41, "U2", "T", 2080, -3055, 90],
		[42, "U3", "T", 1690, -1260, 90],
		[43, "U4", "T", 2085, -1095, 90],
		[44, "PAD1", "T", 1233.21, -2160, 0],
		[45, "PAD1", "B", 1233.21, -2160, 0],
		[46, "PAD2", "T", 1233.21, -2660, 0],
		[47, "PAD2", "B", 1233.21, -2660, 0],
		[48, "PAD3", "T", 1233.21, -1660, 0],
		[49, "PAD3", "B", 1233.21, -1660, 0]
	]
},
"pins": {
	"fields": ["PIN_NO", "PIN_NAME", "PIN_X", "PIN_Y", "LAYER", "PIN_TYPE", "NET_NAME", "NET_TYPE", "PAD_SHAPE", "PAD_SIZEX", "PAD_SIZEY", "HOLE_SIZE", "PAD_ANGLE"],
	"rows": [
		[1, "BOCINA_1", 4408.24, -1152.11, "T", "DIP", "NC", "", "R", 70.87, 70.87, 43.31, 270],
		[2, "BOCINA_1", 4408.24, -1152.11, "B", "DIP", "NC", "", "R", 70.87, 70.87, 43.31, 270],
		[3, "BOCINA_2", 4408.24, -1252.11, "T", "DIP", "GND", "GND", "C", 70.87, 70.87, 43.31, 270],
		[4, "BOCINA_2", 4408.24, -1252.11, "B", "DIP", "GND", "GND", "C", 70.87, 70.87, 43.31, 270],
		[5, "C1_1", 3767.44, -2850, "T", "SMD", "3.3V", "", "R", 31.5, 35.43, 0, 0],
		[6, "C1_2", 3822.56, -2850, "T", "SMD", "GND", "GND", "R", 31.5, 35.43, 0, 0],
		[7, "C2_1", 3762.44, -3070, "T", "SMD", "3.3-SD", "", "R", 31.5, 35.43, 0, 0],
		[8, "C2_2", 3817.56, -3070, "T", "SMD", "GND", "GND", "R", 31.5, 35.43, 0, 0],
		[9, "C3_1", 1435, -3280.8, "T", "SMD", "12V", "", "R", 14.51, 12.76, 0, 90],
		[10, "C3_2", 1435, -3259.2, "T", "SMD", "GND", "GND", "R", 14.51, 12.76, 0, 90],
		[11, "C4_1", 2130, -3309.2, "T", "SMD", "3.3V-SIM", "", "R", 14.51, 12.76, 0, 270],
		[12, "C4_2", 2130, -3330.8, "T", "SMD", "GND", "GND", "R", 14.51, 12.76, 0, 270],
		[13, "C5_1", 1927.44, -2770, "T", "SMD", "$1N10669", "", "R", 31.5, 35.43, 0, 0],
		[14, "C5_2", 1982.56, -2770, "T", "SMD", "3.3V-SIM", "", "R", 31.5, 35.43, 0, 0],
		[15, "C6_1", 1435, -1310.8, "T", "SMD", "12V", "", "R", 14.51, 12.76, 0, 90],
		[16, "C6_2", 1435, -1289.2, "T", "SMD", "GND", "GND", "R", 14.51, 12.76, 0, 90],
		[17, "C7_1", 2140, -1334.2, "T", "SMD", "5V", "", "R", 14.51, 12.76, 0, 270],
		[18, "C7_2", 2140, -1355.8, "T", "SMD", "GND", "GND", "R", 14.51, 12.76, 0, 270],
		[19, "C8_1", 1912.44, -805, "T", "SMD", "$1N12090", "", "R", 31.5, 35.43, 0, 0],
		[20, "C8_2", 1967.56, -805, "T", "SMD", "5V", "", "R", 31.5, 35.43, 0, 0],
		[21, "Chip-logico-MicroSD_1", 3760.24, -3331.77, "T", "SMD", "GND", "GND", "R", 15.75, 66.93, 0, 90],
		[22, "Chip-logico-MicroSD_2", 3760.24, -3306.18, "T", "SMD", "$1N4594", "", "R", 15.75, 66.93, 0, 90],
		[23, "Chip-logico-MicroSD_3", 3760.24, -3280.59, "T", "SMD", "D1_LLS", "", "R", 15.75, 66.93, 0, 90],
		[24, "Chip-logico-MicroSD_4", 3760.24, -3255, "T", "SMD", "GND", "GND", "R", 15.75, 66.93, 0, 90],
		[25, "Chip-logico-MicroSD_5", 3760.24, -3229.41, "T", "SMD", "$1N4599", "", "R", 15.75, 66.93, 0, 90],
		[26, "Chip-logico-MicroSD_6", 3760.24, -3203.82, "T", "SMD", "SCK_LLS", "", "R", 15.75, 66.93, 0, 90],
		[27, "Chip-logico-MicroSD_7", 3760.24, -3178.23, "T", "SMD", "GND", "GND", "R", 15.75, 66.93, 0, 90],
		[28, "Chip-logico-MicroSD_8", 3539.76, -3178.23, "T", "SMD", "CS_LLS", "", "R", 15.75, 66.93, 0, 90],
		[29, "Chip-logico-MicroSD_9", 3539.76, -3203.82, "T", "SMD", "$1N4609", "", "R", 15.75, 66.93, 0, 90],
		[30, "Chip-logico-MicroSD_10", 3539.76, -3229.41, "T", "SMD", "GND", "GND", "R", 15.75, 66.93, 0, 90],
		[31, "Chip-logico-MicroSD_11", 3539.76, -3255, "T", "SMD", "G19", "", "R", 15.75, 66.93, 0, 90],
		[32, "Chip-logico-MicroSD_12", 3539.76, -3280.59, "T", "SMD", "$1N4604", "", "R", 15.75, 66.93, 0, 90],
		[33, "Chip-logico-MicroSD_13", 3539.76, -3306.18, "T", "SMD", "GND", "GND", "R", 15.75, 66.93, 0, 90],
		[34, "Chip-logico-MicroSD_14", 3539.76, -3331.77, "T", "SMD", "3.3-SD", "", "R", 15.75, 66.93, 0, 90],
		[35, "D1_1", 3338.24, -915.85, "T", "DIP", "12V", "", "C", 70.87, 70.87, 39.37, 270],
		[36, "D1_1", 3338.24, -915.85, "B", "DIP", "12V", "", "C", 70.87, 70.87, 39.37, 270],
		[37, "D1_2", 3338.24, -1258.37, "T", "DIP", "$1N7624", "", "C", 70.87, 70.87, 39.37, 270],
		[38, "D1_2", 3338.24, -1258.37, "B", "DIP", "$1N7624", "", "C", 70.87, 70.87, 39.37, 270],
		[39, "D2_1", 2166, -3450, "T", "SMD", "GND", "GND", "R", 86.61, 66.93, 0, 0],
		[40, "D2_2", 1964, -3450, "T", "SMD", "$1N10452", "", "R", 86.61, 66.93, 0, 0],
		[41, "D3_1", 2181, -1470, "T", "SMD", "GND", "GND", "R", 86.61, 66.93, 0, 0],
		[42, "D3_2", 1979, -1470, "T", "SMD", "$1N12078", "", "R", 86.61, 66.93, 0, 0],
		[43, "GPS_1", 4410, -1560, "T", "DIP", "3.3V", "", "R", 70.87, 70.87, 43.31, 270],
		[44, "GPS_1", 4410, -1560, "B", "DIP", "3.3V", "", "R", 70.87, 70.87, 43.31, 270],
		[45, "GPS_2", 4410, -1660, "T", "DIP", "G25", "", "C", 70.87, 70.87, 43.31, 270],
		[46, "GPS_2", 4410, -1660, "B", "DIP", "G25", "", "C", 70.87, 70.87, 43.31, 270],
		[47, "GPS_3", 4410, -1760, "T", "DIP", "G26", "", "C", 70.87, 70.87, 43.31, 270],
		[48, "GPS_3", 4410, -1760, "B", "DIP", "G26", "", "C", 70.87, 70.87, 43.31, 270],
		[49, "GPS_4", 4410, -1860, "T", "DIP", "GND", "GND", "C", 70.87, 70.87, 43.31, 270],
		[50, "GPS_4", 4410, -1860, "B", "DIP", "GND", "GND", "C", 70.87, 70.87, 43.31, 270],
		[51, "H2_1", 3075, -1660, "T", "DIP", "G26", "", "R", 62, 66.93, 43.31, 180],
		[52, "H2_1", 3075, -1660, "B", "DIP", "G26", "", "R", 62, 66.93, 43.31, 180],
		[53, "H2_2", 2975, -1660, "T", "DIP", "G27", "", "C", 66.93, 66.93, 43.31, 180],
		[54, "H2_2", 2975, -1660, "B", "DIP", "G27", "", "C", 66.93, 66.93, 43.31, 180],
		[55, "H2_3", 2875, -1660, "T", "DIP", "G14", "", "C", 66.93, 66.93, 43.31, 180],
		[56, "H2_3", 2875, -1660, "B", "DIP", "G14", "", "C", 66.93, 66.93, 43.31, 180],
		[57, "H2_4", 2775, -1660, "T", "DIP", "G12", "", "C", 66.93, 66.93, 43.31, 180],
		[58, "H2_4", 2775, -1660, "B", "DIP", "G12", "", "C", 66.93, 66.93, 43.31, 180],
		[59, "H2_5", 2675, -1660, "T", "DIP", "GND", "GND", "C", 66.93, 66.93, 43.31, 180],
		[60, "H2_5", 2675, -1660, "B", "DIP", "GND", "GND", "C", 66.93, 66.93, 43.31, 180],
		[61, "H2_6", 2575, -1660, "T", "DIP", "G13", "", "C", 66.93, 66.93, 43.31, 180],
		[62, "H2_6", 2575, -1660, "B", "DIP", "G13", "", "C", 66.93, 66.93, 43.31, 180],
		[63, "H2_7", 2475, -1660, "T", "DIP", "SD2", "", "C", 66.93, 66.93, 43.31, 180],
		[64, "H2_7", 2475, -1660, "B", "DIP", "SD2", "", "C", 66.93, 66.93, 43.31, 180],
		[65, "H2_8", 2375, -1660, "T", "DIP", "SD3", "", "C", 66.93, 66.93, 43.31, 180],
		[66, "H2_8", 2375, -1660, "B", "DIP", "SD3", "", "C", 66.93, 66.93, 43.31, 180],
		[67, "H2_9", 2275, -1660, "T", "DIP", "CMD", "", "C", 66.93, 66.93, 43.31, 180],
		[68, "H2_9", 2275, -1660, "B", "DIP", "CMD", "", "C", 66.93, 66.93, 43.31, 180],
		[69, "H2_10", 2175, -1660, "T", "DIP", "VIN-ESP", "", "C", 66.93, 66.93, 43.31, 180],
		[70, "H2_10", 2175, -1660, "B", "DIP", "VIN-ESP", "", "C", 66.93, 66.93, 43.31, 180],
		[71, "H3_1", 3975, -1660, "T", "DIP", "3.3V", "", "R", 62, 62, 35, 180],
		[72, "H3_1", 3975, -1660, "B", "DIP", "3.3V", "", "R", 62, 62, 35, 180],
		[73, "H3_2", 3875, -1660, "T", "DIP", "EN", "", "C", 62, 62, 35, 180],
		[74, "H3_2", 3875, -1660, "B", "DIP", "EN", "", "C", 62, 62, 35, 180],
		[75, "H3_3", 3775, -1660, "T", "DIP", "SP", "", "C", 62, 62, 35, 180],
		[76, "H3_3", 3775, -1660, "B", "DIP", "SP", "", "C", 62, 62, 35, 180],
		[77, "H3_4", 3675, -1660, "T", "DIP", "SM", "", "C", 62, 62, 35, 180],
		[78, "H3_4", 3675, -1660, "B", "DIP", "SM", "", "C", 62, 62, 35, 180],
		[79, "H3_5", 3575, -1660, "T", "DIP", "G34", "", "C", 62, 62, 35, 180],
		[80, "H3_5", 3575, -1660, "B", "DIP", "G34", "", "C", 62, 62, 35, 180],
		[81, "H3_6", 3475, -1660, "T", "DIP", "G35", "", "C", 62, 62, 35, 180],
		[82, "H3_6", 3475, -1660, "B", "DIP", "G35", "", "C", 62, 62, 35, 180],
		[83, "H3_7", 3375, -1660, "T", "DIP", "G32", "", "C", 62, 62, 35, 180],
		[84, "H3_7", 3375, -1660, "B", "DIP", "G32", "", "C", 62, 62, 35, 180],
		[85, "H3_8", 3275, -1660, "T", "DIP", "G33", "", "C", 62, 62, 35, 180],
		[86, "H3_8", 3275, -1660, "B", "DIP", "G33", "", "C", 62, 62, 35, 180],
		[87, "H3_9", 3175, -1660, "T", "DIP", "G25", "", "C", 62, 62, 35, 180],
		[88, "H3_9", 3175, -1660, "B", "DIP", "G25", "", "C", 62, 62, 35, 180],
		[89, "H4_1", 2170, -2660, "T", "DIP", "CLK", "", "R", 62, 66.93, 43.31, 0],
		[90, "H4_1", 2170, -2660, "B", "DIP", "CLK", "", "R", 62, 66.93, 43.31, 0],
		[91, "H4_2", 2270, -2660, "T", "DIP", "SD0", "", "C", 66.93, 66.93, 43.31, 0],
		[92, "H4_2", 2270, -2660, "B", "DIP", "SD0", "", "C", 66.93, 66.93, 43.31, 0],
		[93, "H4_3", 2370, -2660, "T", "DIP", "SD1", "", "C", 66.93, 66.93, 43.31, 0],
		[94, "H4_3", 2370, -2660, "B", "DIP", "SD1", "", "C", 66.93, 66.93, 43.31, 0],
		[95, "H4_4", 2470, -2660, "T", "DIP", "G15", "", "C", 66.93, 66.93, 43.31, 0],
		[96, "H4_4", 2470, -2660, "B", "DIP", "G15", "", "C", 66.93, 66.93, 43.31, 0],
		[97, "H4_5", 2570, -2660, "T", "DIP", "G2", "", "C", 66.93, 66.93, 43.31, 0],
		[98, "H4_5", 2570, -2660, "B", "DIP", "G2", "", "C", 66.93, 66.93, 43.31, 0],
		[99, "H4_6", 2670, -2660, "T", "DIP", "G0", "", "C", 66.93, 66.93, 43.31, 0],
		[100, "H4_6", 2670, -2660, "B", "DIP", "G0", "", "C", 66.93, 66.93, 43.31, 0],
		[101, "H4_7", 2770, -2660, "T", "DIP", "G4", "", "C", 66.93, 66.93, 43.31, 0],
		[102, "H4_7", 2770, -2660, "B", "DIP", "G4", "", "C", 66.93, 66.93, 43.31, 0],
		[103, "H4_8", 2870, -2660, "T", "DIP", "G16", "", "C", 66.93, 66.93, 43.31, 0],
		[104, "H4_8", 2870, -2660, "B", "DIP", "G16", "", "C", 66.93, 66.93, 43.31, 0],
		[105, "H4_9", 2970, -2660, "T", "DIP", "G17", "", "C", 66.93, 66.93, 43.31, 0],
		[106, "H4_9", 2970, -2660, "B", "DIP", "G17", "", "C", 66.93, 66.93, 43.31, 0],
		[107, "H4_10", 3070, -2660, "T", "DIP", "G5", "", "C", 66.93, 66.93, 43.31, 0],
		[108, "H4_10", 3070, -2660, "B", "DIP", "G5", "", "C", 66.93, 66.93, 43.31, 0],
		[109, "H5_1", 3170, -2660, "T", "DIP", "G18", "", "R", 62, 62, 35, 0],
		[110, "H5_1", 3170, -2660, "B", "DIP", "G18", "", "R", 62, 62, 35, 0],
		[111, "H5_2", 3270, -2660, "T", "DIP", "G19", "", "C", 62, 62, 35, 0],
		[112, "H5_2", 3270, -2660, "B", "DIP", "G19", "", "C", 62, 62, 35, 0],
		[113, "H5_3", 3370, -2660, "T", "DIP", "GND", "GND", "C", 62, 62, 35, 0],
		[114, "H5_3", 3370, -2660, "B", "DIP", "GND", "GND", "C", 62, 62, 35, 0],
		[115, "H5_4", 3470, -2660, "T", "DIP", "G21", "", "C", 62, 62, 35, 0],
		[116, "H5_4", 3470, -2660, "B", "DIP", "G21", "", "C", 62, 62, 35, 0],
		[117, "H5_5", 3570, -2660, "T", "DIP", "RXD", "", "C", 62, 62, 35, 0],
		[118, "H5_5", 3570, -2660, "B", "DIP", "RXD", "", "C", 62, 62, 35, 0],
		[119, "H5_6", 3670, -2660, "T", "DIP", "TXD", "", "C", 62, 62, 35, 0],
		[120, "H5_6", 3670, -2660, "B", "DIP", "TXD", "", "C", 62, 62, 35, 0],
		[121, "H5_7", 3770, -2660, "T", "DIP", "G22", "", "C", 62, 62, 35, 0],
		[122, "H5_7", 3770, -2660, "B", "DIP", "G22", "", "C", 62, 62, 35, 0],
		[123, "H5_8", 3870, -2660, "T", "DIP", "G23", "", "C", 62, 62, 35, 0],
		[124, "H5_8", 3870, -2660, "B", "DIP", "G23", "", "C", 62, 62, 35, 0],
		[125, "H5_9", 3970, -2660, "T", "DIP", "GND", "GND", "C", 62, 62, 35, 0],
		[126, "H5_9", 3970, -2660, "B", "DIP", "GND", "GND", "C", 62, 62, 35, 0],
		[127, "L1_1", 2030, -3341.46, "T", "SMD", "$1N10452", "", "R", 31.11, 21.26, 0, 90],
		[128, "L1_2", 2030, -3298.54, "T", "SMD", "3.3V-SIM", "", "R", 31.11, 21.26, 0, 90],
		[129, "L2_1", 2035, -1366.46, "T", "SMD", "$1N12078", "", "R", 31.11, 21.26, 0, 90],
		[130, "L2_2", 2035, -1323.54, "T", "SMD", "5V", "", "R", 31.11, 21.26, 0, 90],
		[131, "LCD_1", 4410, -2265, "T", "DIP", "5V", "", "R", 70.87, 70.87, 43.31, 270],
		[132, "LCD_1", 4410, -2265, "B", "DIP", "5V", "", "R", 70.87, 70.87, 43.31, 270],
		[133, "LCD_2", 4410, -2365, "T", "DIP", "GND", "GND", "C", 70.87, 70.87, 43.31, 270],
		[134, "LCD_2", 4410, -2365, "B", "DIP", "GND", "GND", "C", 70.87, 70.87, 43.31, 270],
		[135, "LCD_3", 4410, -2465, "T", "DIP", "G21", "", "C", 70.87, 70.87, 43.31, 270],
		[136, "LCD_3", 4410, -2465, "B", "DIP", "G21", "", "C", 70.87, 70.87, 43.31, 270],
		[137, "LCD_4", 4410, -2565, "T", "DIP", "G22", "", "C", 70.87, 70.87, 43.31, 270],
		[138, "LCD_4", 4410, -2565, "B", "DIP", "G22", "", "C", 70.87, 70.87, 43.31, 270],
		[139, "LectordetarjetaSD_1", 3911.18, -3076.42, "T", "SMD", "LectordetarjetaSD_1", "", "R", 27.56, 62.99, 0, 90],
		[140, "LectordetarjetaSD_2", 3911.18, -3119.73, "T", "SMD", "CS_LLS", "", "R", 27.56, 62.99, 0, 90],
		[141, "LectordetarjetaSD_3", 3911.18, -3163.03, "T", "SMD", "D1_LLS", "", "R", 27.56, 62.99, 0, 90],
		[142, "LectordetarjetaSD_4", 3911.18, -3206.34, "T", "SMD", "3.3-SD", "", "R", 27.56, 62.99, 0, 90],
		[143, "LectordetarjetaSD_5", 3911.18, -3249.65, "T", "SMD", "SCK_LLS", "", "R", 27.56, 62.99, 0, 90],
		[144, "LectordetarjetaSD_6", 3911.18, -3292.96, "T", "SMD", "GND", "GND", "R", 27.56, 62.99, 0, 90],
		[145, "LectordetarjetaSD_7", 3911.18, -3336.26, "T", "SMD", "D0_LLS", "", "R", 27.56, 62.99, 0, 90],
		[146, "LectordetarjetaSD_8", 3911.18, -3379.57, "T", "SMD", "LectordetarjetaSD_8", "", "R", 27.56, 62.99, 0, 90],
		[147, "LectordetarjetaSD_9", 3911.18, -3422.88, "T", "SMD", "LectordetarjetaSD_9", "", "R", 27.56, 62.99, 0, 90],
		[148, "LectordetarjetaSD_10", 3930.86, -3470, "T", "SMD", "GND", "GND", "R", 47.24, 55.12, 0, 90],
		[149, "LectordetarjetaSD_11", 4308.82, -3470.12, "T", "SMD", "GND", "GND", "R", 47.24, 86.61, 0, 90],
		[150, "LectordetarjetaSD_12", 4308.82, -2859.88, "T", "SMD", "GND", "GND", "R", 47.24, 86.61, 0, 90],
		[151, "LectordetarjetaSD_13", 3930.86, -2895.32, "T", "SMD", "GND", "GND", "R", 62.99, 55.12, 0, 90],
		[152, "LED1_1", 3043.24, -1175.92, "T", "SMD", "$1N6412", "", "R", 25.06, 21.26, 0, 270],
		[153, "LED1_2", 3043.24, -1218.3, "T", "SMD", "GND", "GND", "R", 25.06, 21.26, 0, 270],
		[154, "LED2_1", 3173.24, -1175.92, "T", "SMD", "$1N6438", "", "R", 25.06, 21.26, 0, 270],
		[155, "LED2_2", 3173.24, -1218.3, "T", "SMD", "$1N7624", "", "R", 25.06, 21.26, 0, 270],
		[156, "PWR_1", 2605, -890, "T", "DIP", "12V", "", "R", 70.87, 70.87, 43.31, 0],
		[157, "PWR_1", 2605, -890, "B", "DIP", "12V", "", "R", 70.87, 70.87, 43.31, 0],
		[158, "PWR_2", 2705, -890, "T", "DIP", "GND", "GND", "C", 70.87, 70.87, 43.31, 0],
		[159, "PWR_2", 2705, -890, "B", "DIP", "GND", "GND", "C", 70.87, 70.87, 43.31, 0],
		[160, "Q1_1", 3135.84, -1427.39, "T", "SMD", "$1N6597", "", "R", 39.37, 31.5, 0, 90],
		[161, "Q1_2", 3210.64, -1427.39, "T", "SMD", "GND", "GND", "R", 39.37, 31.5, 0, 90],
		[162, "Q1_3", 3173.24, -1336.84, "T", "SMD", "$1N7624", "", "R", 39.37, 31.5, 0, 90],
		[163, "R1_1", 3799.66, -3470, "T", "SMD", "G23", "", "R", 31.75, 34.02, 0, 180],
		[164, "R1_2", 3740.34, -3470, "T", "SMD", "$1N4594", "", "R", 31.75, 34.02, 0, 180],
		[165, "R2_1", 3390, -3060.34, "T", "SMD", "G18", "", "R", 31.75, 34.02, 0, 270],
		[166, "R2_2", 3390, -3119.66, "T", "SMD", "$1N4599", "", "R", 31.75, 34.02, 0, 270],
		[167, "R3_1", 3475.34, -3470, "T", "SMD", "$1N4604", "", "R", 31.75, 34.02, 0, 0],
		[168, "R3_2", 3534.66, -3470, "T", "SMD", "D0_LLS", "", "R", 31.75, 34.02, 0, 0],
		[169, "R4_1", 3390, -3284.66, "T", "SMD", "$1N4609", "", "R", 31.75, 34.02, 0, 90],
		[170, "R4_2", 3390, -3225.34, "T", "SMD", "G5", "", "R", 31.75, 34.02, 0, 90],
		[171, "R5_1", 3043.24, -1056.77, "T", "SMD", "$1N6412", "", "R", 31.75, 34.02, 0, 90],
		[172, "R5_2", 3043.24, -997.45, "T", "SMD", "12V", "", "R", 31.75, 34.02, 0, 90],
		[173, "R6_1", 3173.24, -1056.77, "T", "SMD", "$1N6438", "", "R", 31.75, 34.02, 0, 90],
		[174, "R6_2", 3173.24, -997.45, "T", "SMD", "12V", "", "R", 31.75, 34.02, 0, 90],
		[175, "R7_1", 3343.24, -1436.77, "T", "SMD", "G14", "", "R", 31.75, 34.02, 0, 90],
		[176, "R7_2", 3343.24, -1377.45, "T", "SMD", "$1N6597", "", "R", 31.75, 34.02, 0, 90],
		[177, "R9_1", 1744.66, -2770, "T", "SMD", "$1N10669", "", "R", 31.75, 34.02, 0, 180],
		[178, "R9_2", 1685.34, -2770, "T", "SMD", "GND", "GND", "R", 31.75, 34.02, 0, 180],
		[179, "R10_1", 1726.6, -805.65, "T", "SMD", "$1N12090", "", "R", 31.75, 34.02, 0, 180],
		[180, "R10_2", 1667.28, -805.65, "T", "SMD", "GND", "GND", "R", 31.75, 34.02, 0, 180],
		[181, "Regulador3.3V-ESP32_1", 2555, -1345, "T", "DIP", "12V", "", "C", 80, 80, 50, 0],
		[182, "Regulador3.3V-ESP32_1", 2555, -1345, "B", "DIP", "12V", "", "C", 80, 80, 50, 0],
		[183, "Regulador3.3V-ESP32_2", 2655, -1345, "T", "DIP", "GND", "GND", "C", 80, 80, 50, 0],
		[184, "Regulador3.3V-ESP32_2", 2655, -1345, "B", "DIP", "GND", "GND", "C", 80, 80, 50, 0],
		[185, "Regulador3.3V-ESP32_3", 2755, -1345, "T", "DIP", "VIN-ESP", "", "C", 80, 80, 50, 0],
		[186, "Regulador3.3V-ESP32_3", 2755, -1345, "B", "DIP", "VIN-ESP", "", "C", 80, 80, 50, 0],
		[187, "Regulador-MicroSD_1", 3629.39, -2844.85, "T", "SMD", "GND", "GND", "R", 92.13, 38.58, 0, 90],
		[188, "Regulador-MicroSD_2", 3538.84, -2844.85, "T", "SMD", "3.3-SD", "", "R", 92.13, 38.58, 0, 90],
		[189, "Regulador-MicroSD_3", 3448.29, -2844.85, "T", "SMD", "3.3V", "", "R", 92.13, 38.58, 0, 90],
		[190, "Regulador-MicroSD_4", 3538.84, -3070.83, "T", "SMD", "3.3-SD", "", "R", 92.13, 141.73, 0, 90],
		[191, "RELE_1", 3634.21, -1436.22, "T", "DIP", "$1N7624", "", "C", 78.74, 78.74, 51.18, 180],
		[192, "RELE_1", 3634.21, -1436.22, "B", "DIP", "$1N7624", "", "C", 78.74, 78.74, 51.18, 180],
		[193, "RELE_2", 3634.21, -963.78, "T", "DIP", "12V", "", "C", 78.74, 78.74, 51.18, 180],
		[194, "RELE_2", 3634.21, -963.78, "B", "DIP", "12V", "", "C", 78.74, 78.74, 51.18, 180],
		[195, "RELE_3", 4114.53, -963.78, "T", "DIP", "NC", "", "C", 78.74, 78.74, 51.18, 180],
		[196, "RELE_3", 4114.53, -963.78, "B", "DIP", "NC", "", "C", 78.74, 78.74, 51.18, 180],
		[197, "RELE_4", 3555.47, -1200, "T", "DIP", "12V", "", "C", 86.61, 86.61, 59.06, 180],
		[198, "RELE_4", 3555.47, -1200, "B", "DIP", "12V", "", "C", 86.61, 86.61, 59.06, 180],
		[199, "RELE_5", 4114.53, -1436.22, "T", "DIP", "NO", "", "C", 78.74, 78.74, 51.18, 180],
		[200, "RELE_5", 4114.53, -1436.22, "B", "DIP", "NO", "", "C", 78.74, 78.74, 51.18, 180],
		[201, "SIM7600G_1", 3070, -2845, "T", "DIP", "GND", "GND", "R", 62, 66.93, 43.31, 180],
		[202, "SIM7600G_1", 3070, -2845, "B", "DIP", "GND", "GND", "R", 62, 66.93, 43.31, 180],
		[203, "SIM7600G_2", 2970, -2845, "T", "DIP", "G17", "", "C", 66.93, 66.93, 43.31, 180],
		[204, "SIM7600G_2", 2970, -2845, "B", "DIP", "G17", "", "C", 66.93, 66.93, 43.31, 180],
		[205, "SIM7600G_3", 2870, -2845, "T", "DIP", "G16", "", "C", 66.93, 66.93, 43.31, 180],
		[206, "SIM7600G_3", 2870, -2845, "B", "DIP", "G16", "", "C", 66.93, 66.93, 43.31, 180],
		[207, "SIM7600G_4", 2770, -2845, "T", "DIP", "G4", "", "C", 66.93, 66.93, 43.31, 180],
		[208, "SIM7600G_4", 2770, -2845, "B", "DIP", "G4", "", "C", 66.93, 66.93, 43.31, 180],
		[209, "SIM7600G_5", 2670, -2845, "T", "DIP", "3.3V-SIM", "", "C", 66.93, 66.93, 43.31, 180],
		[210, "SIM7600G_5", 2670, -2845, "B", "DIP", "3.3V-SIM", "", "C", 66.93, 66.93, 43.31, 180],
		[211, "SIM7600G_6", 2570, -2845, "T", "DIP", "GND", "GND", "C", 66.93, 66.93, 43.31, 180],
		[212, "SIM7600G_6", 2570, -2845, "B", "DIP", "GND", "GND", "C", 66.93, 66.93, 43.31, 180],
		[213, "SIM7600G_7", 2470, -2845, "T", "DIP", "G2", "", "C", 66.93, 66.93, 43.31, 180],
		[214, "SIM7600G_7", 2470, -2845, "B", "DIP", "G2", "", "C", 66.93, 66.93, 43.31, 180],
		[215, "U1_1", 1551.16, -3430, "T", "SMD", "12V", "", "R", 157.48, 42.1, 0, 90],
		[216, "U1_2", 1618.08, -3430, "T", "SMD", "$1N10452", "", "R", 157.48, 42.1, 0, 90],
		[217, "U1_3", 1685, -3430, "T", "SMD", "GND", "GND", "R", 157.48, 42.1, 0, 90],
		[218, "U1_4", 1751.92, -3430, "T", "SMD", "$1N10669", "", "R", 157.48, 42.1, 0, 90],
		[219, "U1_5", 1818.84, -3430, "T", "SMD", "GND", "GND", "R", 157.48, 42.1, 0, 90],
		[220, "U1_6", 1685, -3010, "T", "SMD", "GND", "GND", "R", 419.68, 350, 0, 0],
		[221, "U2_1", 2030, -2954.99, "T", "DIP", "$1N10669", "", "C", 62.99, 62.99, 35.43, 270],
		[222, "U2_1", 2030, -2954.99, "B", "DIP", "$1N10669", "", "C", 62.99, 62.99, 35.43, 270],
		[223, "U2_2", 2130, -3054.99, "T", "DIP", "$1N10669", "", "C", 62.99, 62.99, 35.43, 270],
		[224, "U2_2", 2130, -3054.99, "B", "DIP", "$1N10669", "", "C", 62.99, 62.99, 35.43, 270],
		[225, "U2_3", 2030, -3154.99, "T", "DIP", "3.3V-SIM", "", "C", 62.99, 62.99, 35.43, 270],
		[226, "U2_3", 2030, -3154.99, "B", "DIP", "3.3V-SIM", "", "C", 62.99, 62.99, 35.43, 270],
		[227, "U3_1", 1556.16, -1470, "T", "SMD", "12V", "", "R", 157.48, 42.1, 0, 90],
		[228, "U3_2", 1623.08, -1470, "T", "SMD", "$1N12078", "", "R", 157.48, 42.1, 0, 90],
		[229, "U3_3", 1690, -1470, "T", "SMD", "GND", "GND", "R", 157.48, 42.1, 0, 90],
		[230, "U3_4", 1756.92, -1470, "T", "SMD", "$1N12090", "", "R", 157.48, 42.1, 0, 90],
		[231, "U3_5", 1823.84, -1470, "T", "SMD", "GND", "GND", "R", 157.48, 42.1, 0, 90],
		[232, "U3_6", 1690, -1050, "T", "SMD", "GND", "GND", "R", 419.68, 350, 0, 0],
		[233, "U4_1", 2035, -995, "T", "DIP", "$1N12090", "", "C", 62.99, 62.99, 35.43, 270],
		[234, "U4_1", 2035, -995, "B", "DIP", "$1N12090", "", "C", 62.99, 62.99, 35.43, 270],
		[235, "U4_2", 2135, -1094.99, "T", "DIP", "$1N12090", "", "C", 62.99, 62.99, 35.43, 270],
		[236, "U4_2", 2135, -1094.99, "B", "DIP", "$1N12090", "", "C", 62.99, 62.99, 35.43, 270],
		[237, "U4_3", 2035, -1194.99, "T", "DIP", "5V", "", "C", 62.99, 62.99, 35.43, 270],
		[238, "U4_3", 2035, -1194.99, "B", "DIP", "5V", "", "C", 62.99, 62.99, 35.43, 270],
		[239, "PAD1_2", 1233.21, -2160, "T", "DIP", "GND", "GND", "C", 100, 100, 36, 0],
		[240, "PAD1_2", 1233.21, -2160, "B", "DIP", "GND", "GND", "C", 100, 100, 36, 0],
		[241, "PAD2_3", 1233.21, -2660, "T", "DIP", "GND", "GND", "C", 100, 100, 36, 0],
		[242, "PAD2_3", 1233.21, -2660, "B", "DIP", "GND", "GND", "C", 100, 100, 36, 0],
		[243, "PAD3_1", 1233.21, -1660, "T", "DIP", "GND", "GND", "C", 100, 100, 36, 0],
		[244, "PAD3_1", 1233.21, -1660, "B", "DIP", "GND", "GND", "C", 100, 100, 36, 0]
	]
}
}