{
"lengthUnit": "mil",
"components": {
	"fields": ["COMPONENT_NO", "COMPONENT_NAME", "LAYER", "X_COORDINATE", "Y_COORDINATE", "ANGLE"],
	"rows": [
		[1, "BOCINA", "T", 4420, -1200, 270],
		[2, "C1", "T", 365, -3400, 270],
		[3, "C2", "T", 650, -3715, 180],
		[4, "C3", "T", 1835, -3490, 270],
		[5, "C4", "T", 1145, -3200, 90],
		[6, "C5", "T", 370, -1150, 270],
		[7, "C6", "T", 1840, -1240, 270],
		[8, "C6N1", "T", 655, -1465, 180],
		[9, "C7", "T", 1150, -950, 90],
		[10, "C8", "T", 4530, -3025, 90],
		[11, "C9", "T", 4535, -3515, 270],
		[12, "C10", "T", 4440, -3555, 90],
		[13, "C11", "T", 3815, -3070, 270],
		[14, "Chip-logico-MicroSD", "T", 3950, -3285, 0],
		[15, "D1", "T", 2965, -1285, 90],
		[16, "ESP-1", "T", 3065, -1650, 180],
		[17, "ESP-2", "T", 3065, -2670, 0],
		[18, "GPS", "T", 4415, -2420, 90],
		[19, "L1", "T", 1380, -3545, 90],
		[20, "L2", "T", 1385, -1295, 90],
		[21, "LCD", "T", 4415, -1605, 270],
		[22, "LED-ESP32", "T", 1900, -895, 180],
		[23, "LED-GPS", "T", 4285, -1940, 0],
		[24, "LED-SD", "T", 4205, -3150, 180],
		[25, "LED-SIM", "T", 1900, -3145, 180],
		[26, "MICROSD", "T", 4170, -3885, 0],
		[27, "O1", "T", 2885, -1030, 0],
		[28, "P1", "T", 1425, -3130, 0],
		[29, "P2", "T", 1430, -880, 0],
		[30, "PRENULL1", "T", 3130, -855, 0],
		[31, "PWR", "T", 1005, -3980, 180],
		[32, "PWRN1", "T", 2770, -1360, 180],
		[33, "Q1", "T", 3210, -1345, 90],
		[34, "R1", "T", 1145, -3065, 270],
		[35, "R2", "T", 1735, -3145, 180],
		[36, "R3", "T", 1150, -815, 270],
		[37, "R4", "T", 1740, -895, 180],
		[38, "R5", "T", 2615, -1360, 180],
		[39, "R6", "T", 2655, -1120, 270],
		[40, "R7", "T", 2845, -845, 180],
		[41, "R8", "T", 3105, -1155, 270],
		[42, "R9", "T", 3200, -1155, 270],
		[43, "R10", "T", 4480.17, -1939.4, 0],
		[44, "R11", "T", 4128.25, -3524.34, 270],
		[45, "R12", "T", 3974.58, -3521.83, 90],
		[46, "R13", "T", 3899.58, -3520.12, 90],
		[47, "R14", "T", 4000, -3025, 90],
		[48, "R15", "T", 3910, -3025, 90],
		[49, "RELE", "T", 3686.62, -1136.03, 0],
		[50, "S1", "T", 910, -3720, 180],
		[51, "S2", "T", 915, -1470, 180],
		[52, "SIGNAL", "T", 2655, -965, 270],
		[53, "SIM7600G", "T", 2905, -2885, 180],
		[54, "U1", "T", 845, -3350, 270],
		[55, "U2", "T", 850, -1100, 270],
		[56, "U3", "T", 4420, -3305, 0],
		[57, "PAD1", "T", 153.21, -2515, 0],
		[58, "PAD1", "B", 153.21, -2515, 0],
		[59, "PAD2", "T", 153.21, -3015, 0],
		[60, "PAD2", "B", 153.21, -3015, 0],
		[61, "PAD3", "T", 153.21, -2015, 0],
		[62, "PAD3", "B", 153.21, -2015, 0]
	]
},
"pins": {
	"fields": ["PIN_NO", "PIN_NAME", "PIN_X", "PIN_Y", "LAYER", "PIN_TYPE", "NET_NAME", "NET_TYPE", "PAD_SHAPE", "PAD_SIZEX", "PAD_SIZEY", "HOLE_SIZE", "PAD_ANGLE"],
	"rows": [
		[1, "BOCINA_1", 4420, -1150, "T", "DIP", "NC", "", "R", 70.87, 70.87, 43.31, 270],
		[2, "BOCINA_1", 4420, -1150, "B", "DIP", "NC", "", "R", 70.87, 70.87, 43.31, 270],
		[3, "BOCINA_2", 4420, -1250, "T", "DIP", "GND", "GND", "C", 70.87, 70.87, 43.31, 270],
		[4, "BOCINA_2", 4420, -1250, "B", "DIP", "GND", "GND", "C", 70.87, 70.87, 43.31, 270],
		[5, "C1_1", 365, -3222.84, "T", "SMD", "12V", "", "R", 177.16, 64.96, 0, 270],
		[6, "C1_2", 365, -3577.16, "T", "SMD", "GND", "GND", "R", 177.16, 64.96, 0, 270],
		[7, "C2_1", 677.56, -3715, "T", "SMD", "12V", "", "R", 31.5, 35.43, 0, 180],
		[8, "C2_2", 622.44, -3715, "T", "SMD", "GND", "GND", "R", 31.5, 35.43, 0, 180],
		[9, "C3_1", 1835, -3361.37, "T", "SMD", "3.3V-SIM", "", "R", 165.35, 55.12, 0, 270],
		[10, "C3_2", 1835, -3618.63, "T", "SMD", "GND", "GND", "R", 165.35, 55.12, 0, 270],
		[11, "C4_1", 1145, -3210.8, "T", "SMD", "3.3V-SIM", "", "R", 14.51, 12.76, 0, 90],
		[12, "C4_2", 1145, -3189.2, "T", "SMD", "$1N10669", "", "R", 14.51, 12.76, 0, 90],
		[13, "C5_1", 370, -972.84, "T", "SMD", "12V", "", "R", 177.16, 64.96, 0, 270],
		[14, "C5_2", 370, -1327.16, "T", "SMD", "GND", "GND", "R", 177.16, 64.96, 0, 270],
		[15, "C6_1", 1840, -1111.37, "T", "SMD", "5V", "", "R", 165.35, 55.12, 0, 270],
		[16, "C6_2", 1840, -1368.63, "T", "SMD", "GND", "GND", "R", 165.35, 55.12, 0, 270],
		[17, "C6N1_1", 682.56, -1465, "T", "SMD", "12V", "", "R", 31.5, 35.43, 0, 180],
		[18, "C6N1_2", 627.44, -1465, "T", "SMD", "GND", "GND", "R", 31.5, 35.43, 0, 180],
		[19, "C7_1", 1150, -960.8, "T", "SMD", "5V", "", "R", 14.51, 12.76, 0, 90],
		[20, "C7_2", 1150, -939.2, "T", "SMD", "$1N12090", "", "R", 14.51, 12.76, 0, 90],
		[21, "C8_1", 4530, -3035.8, "T", "SMD", "GND", "GND", "R", 14.51, 12.76, 0, 90],
		[22, "C8_2", 4530, -3014.2, "T", "SMD", "5V", "", "R", 14.51, 12.76, 0, 90],
		[23, "C9_1", 4535, -3487.44, "T", "SMD", "3.3-SD", "", "R", 31.5, 35.43, 0, 270],
		[24, "C9_2", 4535, -3542.56, "T", "SMD", "GND", "GND", "R", 31.5, 35.43, 0, 270],
		[25, "C10_1", 4440, -3565.8, "T", "SMD", "GND", "GND", "R", 14.51, 12.76, 0, 90],
		[26, "C10_2", 4440, -3544.2, "T", "SMD", "3.3-SD", "", "R", 14.51, 12.76, 0, 90],
		[27, "C11_1", 3815, -3059.2, "T", "SMD", "GND", "GND", "R", 14.51, 12.76, 0, 270],
		[28, "C11_2", 3815, -3080.8, "T", "SMD", "3.3-SD", "", "R", 14.51, 12.76, 0, 270],
		[29, "Chip-logico-MicroSD_1", 3873.23, -3395.24, "T", "SMD", "GND", "GND", "R", 15.75, 66.93, 0, 0],
		[30, "Chip-logico-MicroSD_2", 3898.82, -3395.24, "T", "SMD", "$1N4594", "", "R", 15.75, 66.93, 0, 0],
		[31, "Chip-logico-MicroSD_3", 3924.41, -3395.24, "T", "SMD", "D1_LLS", "", "R", 15.75, 66.93, 0, 0],
		[32, "Chip-logico-MicroSD_4", 3950, -3395.24, "T", "SMD", "GND", "GND", "R", 15.75, 66.93, 0, 0],
		[33, "Chip-logico-MicroSD_5", 3975.59, -3395.24, "T", "SMD", "$1N4599", "", "R", 15.75, 66.93, 0, 0],
		[34, "Chip-logico-MicroSD_6", 4001.18, -3395.24, "T", "SMD", "SCK_LLS", "", "R", 15.75, 66.93, 0, 0],
		[35, "Chip-logico-MicroSD_7", 4026.77, -3395.24, "T", "SMD", "GND", "GND", "R", 15.75, 66.93, 0, 0],
		[36, "Chip-logico-MicroSD_8", 4026.77, -3174.76, "T", "SMD", "CS_LLS", "", "R", 15.75, 66.93, 0, 0],
		[37, "Chip-logico-MicroSD_9", 4001.18, -3174.76, "T", "SMD", "$1N4609", "", "R", 15.75, 66.93, 0, 0],
		[38, "Chip-logico-MicroSD_10", 3975.59, -3174.76, "T", "SMD", "GND", "GND", "R", 15.75, 66.93, 0, 0],
		[39, "Chip-logico-MicroSD_11", 3950, -3174.76, "T", "SMD", "G19", "", "R", 15.75, 66.93, 0, 0],
		[40, "Chip-logico-MicroSD_12", 3924.41, -3174.76, "T", "SMD", "$1N4604", "", "R", 15.75, 66.93, 0, 0],
		[41, "Chip-logico-MicroSD_13", 3898.82, -3174.76, "T", "SMD", "GND", "GND", "R", 15.75, 66.93, 0, 0],
		[42, "Chip-logico-MicroSD_14", 3873.23, -3174.76, "T", "SMD", "3.3-SD", "", "R", 15.75, 66.93, 0, 0],
		[43, "D1_1", 2965, -1367.68, "T", "SMD", "$1N32531", "", "R", 78.74, 62.72, 0, 270],
		[44, "D1_2", 2965, -1202.32, "T", "SMD", "GND", "GND", "R", 78.74, 62.72, 0, 270],
		[45, "ESP-1_1", 3965, -1650, "T", "DIP", "3.3V", "", "R", 62.99, 62.99, 41.34, 180],
		[46, "ESP-1_1", 3965, -1650, "B", "DIP", "3.3V", "", "R", 62.99, 62.99, 41.34, 180],
		[47, "ESP-1_2", 3865, -1650, "T", "DIP", "EN", "", "C", 62.99, 62.99, 41.34, 180],
		[48, "ESP-1_2", 3865, -1650, "B", "DIP", "EN", "", "C", 62.99, 62.99, 41.34, 180],
		[49, "ESP-1_3", 3765, -1650, "T", "DIP", "SP", "", "C", 62.99, 62.99, 41.34, 180],
		[50, "ESP-1_3", 3765, -1650, "B", "DIP", "SP", "", "C", 62.99, 62.99, 41.34, 180],
		[51, "ESP-1_4", 3665, -1650, "T", "DIP", "SM", "", "C", 62.99, 62.99, 41.34, 180],
		[52, "ESP-1_4", 3665, -1650, "B", "DIP", "SM", "", "C", 62.99, 62.99, 41.34, 180],
		[53, "ESP-1_5", 3565, -1650, "T", "DIP", "G34", "", "C", 62.99, 62.99, 41.34, 180],
		[54, "ESP-1_5", 3565, -1650, "B", "DIP", "G34", "", "C", 62.99, 62.99, 41.34, 180],
		[55, "ESP-1_6", 3465, -1650, "T", "DIP", "G35", "", "C", 62.99, 62.99, 41.34, 180],
		[56, "ESP-1_6", 3465, -1650, "B", "DIP", "G35", "", "C", 62.99, 62.99, 41.34, 180],
		[57, "ESP-1_7", 3365, -1650, "T", "DIP", "G32", "", "C", 62.99, 62.99, 41.34, 180],
		[58, "ESP-1_7", 3365, -1650, "B", "DIP", "G32", "", "C", 62.99, 62.99, 41.34, 180],
		[59, "ESP-1_8", 3265, -1650, "T", "DIP", "G33", "", "C", 62.99, 62.99, 41.34, 180],
		[60, "ESP-1_8", 3265, -1650, "B", "DIP", "G33", "", "C", 62.99, 62.99, 41.34, 180],
		[61, "ESP-1_9", 3165, -1650, "T", "DIP", "G25", "", "C", 62.99, 62.99, 41.34, 180],
		[62, "ESP-1_9", 3165, -1650, "B", "DIP", "G25", "", "C", 62.99, 62.99, 41.34, 180],
		[63, "ESP-1_10", 3065, -1650, "T", "DIP", "G26", "", "C", 62.99, 62.99, 41.34, 180],
		[64, "ESP-1_10", 3065, -1650, "B", "DIP", "G26", "", "C", 62.99, 62.99, 41.34, 180],
		[65, "ESP-1_11", 2965, -1650, "T", "DIP", "G27", "", "C", 62.99, 62.99, 41.34, 180],
		[66, "ESP-1_11", 2965, -1650, "B", "DIP", "G27", "", "C", 62.99, 62.99, 41.34, 180],
		[67, "ESP-1_12", 2865, -1650, "T", "DIP", "G14", "", "C", 62.99, 62.99, 41.34, 180],
		[68, "ESP-1_12", 2865, -1650, "B", "DIP", "G14", "", "C", 62.99, 62.99, 41.34, 180],
		[69, "ESP-1_13", 2765, -1650, "T", "DIP", "G12", "", "C", 62.99, 62.99, 41.34, 180],
		[70, "ESP-1_13", 2765, -1650, "B", "DIP", "G12", "", "C", 62.99, 62.99, 41.34, 180],
		[71, "ESP-1_14", 2665, -1650, "T", "DIP", "GND", "GND", "C", 62.99, 62.99, 41.34, 180],
		[72, "ESP-1_14", 2665, -1650, "B", "DIP", "GND", "GND", "C", 62.99, 62.99, 41.34, 180],
		[73, "ESP-1_15", 2565, -1650, "T", "DIP", "G13", "", "C", 62.99, 62.99, 41.34, 180],
		[74, "ESP-1_15", 2565, -1650, "B", "DIP", "G13", "", "C", 62.99, 62.99, 41.34, 180],
		[75, "ESP-1_16", 2465, -1650, "T", "DIP", "SD2", "", "C", 62.99, 62.99, 41.34, 180],
		[76, "ESP-1_16", 2465, -1650, "B", "DIP", "SD2", "", "C", 62.99, 62.99, 41.34, 180],
		[77, "ESP-1_17", 2365, -1650, "T", "DIP", "SD3", "", "C", 62.99, 62.99, 41.34, 180],
		[78, "ESP-1_17", 2365, -1650, "B", "DIP", "SD3", "", "C", 62.99, 62.99, 41.34, 180],
		[79, "ESP-1_18", 2265, -1650, "T", "DIP", "CMD", "", "C", 62.99, 62.99, 41.34, 180],
		[80, "ESP-1_18", 2265, -1650, "B", "DIP", "CMD", "", "C", 62.99, 62.99, 41.34, 180],
		[81, "ESP-1_19", 2165, -1650, "T", "DIP", "5V", "", "C", 62.99, 62.99, 41.34, 180],
		[82, "ESP-1_19", 2165, -1650, "B", "DIP", "5V", "", "C", 62.99, 62.99, 41.34, 180],
		[83, "ESP-2_1", 2165, -2670, "T", "DIP", "CLK", "", "R", 62.99, 62.99, 41.34, 0],
		[84, "ESP-2_1", 2165, -2670, "B", "DIP", "CLK", "", "R", 62.99, 62.99, 41.34, 0],
		[85, "ESP-2_2", 2265, -2670, "T", "DIP", "SD0", "", "C", 62.99, 62.99, 41.34, 0],
		[86, "ESP-2_2", 2265, -2670, "B", "DIP", "SD0", "", "C", 62.99, 62.99, 41.34, 0],
		[87, "ESP-2_3", 2365, -2670, "T", "DIP", "SD1", "", "C", 62.99, 62.99, 41.34, 0],
		[88, "ESP-2_3", 2365, -2670, "B", "DIP", "SD1", "", "C", 62.99, 62.99, 41.34, 0],
		[89, "ESP-2_4", 2465, -2670, "T", "DIP", "G15", "", "C", 62.99, 62.99, 41.34, 0],
		[90, "ESP-2_4", 2465, -2670, "B", "DIP", "G15", "", "C", 62.99, 62.99, 41.34, 0],
		[91, "ESP-2_5", 2565, -2670, "T", "DIP", "G2", "", "C", 62.99, 62.99, 41.34, 0],
		[92, "ESP-2_5", 2565, -2670, "B", "DIP", "G2", "", "C", 62.99, 62.99, 41.34, 0],
		[93, "ESP-2_6", 2665, -2670, "T", "DIP", "G0", "", "C", 62.99, 62.99, 41.34, 0],
		[94, "ESP-2_6", 2665, -2670, "B", "DIP", "G0", "", "C", 62.99, 62.99, 41.34, 0],
		[95, "ESP-2_7", 2765, -2670, "T", "DIP", "G4", "", "C", 62.99, 62.99, 41.34, 0],
		[96, "ESP-2_7", 2765, -2670, "B", "DIP", "G4", "", "C", 62.99, 62.99, 41.34, 0],
		[97, "ESP-2_8", 2865, -2670, "T", "DIP", "G16", "", "C", 62.99, 62.99, 41.34, 0],
		[98, "ESP-2_8", 2865, -2670, "B", "DIP", "G16", "", "C", 62.99, 62.99, 41.34, 0],
		[99, "ESP-2_9", 2965, -2670, "T", "DIP", "G17", "", "C", 62.99, 62.99, 41.34, 0],
		[100, "ESP-2_9", 2965, -2670, "B", "DIP", "G17", "", "C", 62.99, 62.99, 41.34, 0],
		[101, "ESP-2_10", 3065, -2670, "T", "DIP", "G5", "", "C", 62.99, 62.99, 41.34, 0],
		[102, "ESP-2_10", 3065, -2670, "B", "DIP", "G5", "", "C", 62.99, 62.99, 41.34, 0],
		[103, "ESP-2_11", 3165, -2670, "T", "DIP", "G18", "", "C", 62.99, 62.99, 41.34, 0],
		[104, "ESP-2_11", 3165, -2670, "B", "DIP", "G18", "", "C", 62.99, 62.99, 41.34, 0],
		[105, "ESP-2_12", 3265, -2670, "T", "DIP", "G19", "", "C", 62.99, 62.99, 41.34, 0],
		[106, "ESP-2_12", 3265, -2670, "B", "DIP", "G19", "", "C", 62.99, 62.99, 41.34, 0],
		[107, "ESP-2_13", 3365, -2670, "T", "DIP", "GND", "GND", "C", 62.99, 62.99, 41.34, 0],
		[108, "ESP-2_13", 3365, -2670, "B", "DIP", "GND", "GND", "C", 62.99, 62.99, 41.34, 0],
		[109, "ESP-2_14", 3465, -2670, "T", "DIP", "G21", "", "C", 62.99, 62.99, 41.34, 0],
		[110, "ESP-2_14", 3465, -2670, "B", "DIP", "G21", "", "C", 62.99, 62.99, 41.34, 0],
		[111, "ESP-2_15", 3565, -2670, "T", "DIP", "RXD", "", "C", 62.99, 62.99, 41.34, 0],
		[112, "ESP-2_15", 3565, -2670, "B", "DIP", "RXD", "", "C", 62.99, 62.99, 41.34, 0],
		[113, "ESP-2_16", 3665, -2670, "T", "DIP", "TXD", "", "C", 62.99, 62.99, 41.34, 0],
		[114, "ESP-2_16", 3665, -2670, "B", "DIP", "TXD", "", "C", 62.99, 62.99, 41.34, 0],
		[115, "ESP-2_17", 3765, -2670, "T", "DIP", "G22", "", "C", 62.99, 62.99, 41.34, 0],
		[116, "ESP-2_17", 3765, -2670, "B", "DIP", "G22", "", "C", 62.99, 62.99, 41.34, 0],
		[117, "ESP-2_18", 3865, -2670, "T", "DIP", "G23", "", "C", 62.99, 62.99, 41.34, 0],
		[118, "ESP-2_18", 3865, -2670, "B", "DIP", "G23", "", "C", 62.99, 62.99, 41.34, 0],
		[119, "ESP-2_19", 3965, -2670, "T", "DIP", "GND", "GND", "C", 62.99, 62.99, 41.34, 0],
		[120, "ESP-2_19", 3965, -2670, "B", "DIP", "GND", "GND", "C", 62.99, 62.99, 41.34, 0],
		[121, "GPS_1", 4415, -2720, "T", "DIP", "5V", "", "R", 78.74, 78.74, 55.12, 90],
		[122, "GPS_1", 4415, -2720, "B", "DIP", "5V", "", "R", 78.74, 78.74, 55.12, 90],
		[123, "GPS_2", 4415, -2620, "T", "DIP", "GND", "GND", "C", 78.74, 78.74, 55.12, 90],
		[124, "GPS_2", 4415, -2620, "B", "DIP", "GND", "GND", "C", 78.74, 78.74, 55.12, 90],
		[125, "GPS_3", 4415, -2520, "T", "DIP", "G27", "", "C", 78.74, 78.74, 55.12, 90],
		[126, "GPS_3", 4415, -2520, "B", "DIP", "G27", "", "C", 78.74, 78.74, 55.12, 90],
		[127, "GPS_4", 4415, -2420, "T", "DIP", "G26", "", "C", 78.74, 78.74, 55.12, 90],
		[128, "GPS_4", 4415, -2420, "B", "DIP", "G26", "", "C", 78.74, 78.74, 55.12, 90],
		[129, "GPS_5", 4415, -2320, "T", "DIP", "G25", "", "C", 78.74, 78.74, 55.12, 90],
		[130, "GPS_5", 4415, -2320, "B", "DIP", "G25", "", "C", 78.74, 78.74, 55.12, 90],
		[131, "GPS_6", 4415, -2220, "T", "DIP", "PPS", "", "C", 78.74, 78.74, 55.12, 90],
		[132, "GPS_6", 4415, -2220, "B", "DIP", "PPS", "", "C", 78.74, 78.74, 55.12, 90],
		[133, "GPS_7", 4415, -2120, "T", "DIP", "3.3V", "", "C", 78.74, 78.74, 55.12, 90],
		[134, "GPS_7", 4415, -2120, "B", "DIP", "3.3V", "", "C", 78.74, 78.74, 55.12, 90],
		[135, "L1_1", 1380, -3751.69, "T", "SMD", "$1N10452", "", "R", 114.17, 212.6, 0, 90],
		[136, "L1_2", 1380, -3338.31, "T", "SMD", "3.3V-SIM", "", "R", 114.17, 212.6, 0, 90],
		[137, "L2_1", 1385, -1501.69, "T", "SMD", "$1N12078", "", "R", 114.17, 212.6, 0, 90],
		[138, "L2_2", 1385, -1088.3, "T", "SMD", "5V", "", "R", 114.17, 212.6, 0, 90],
		[139, "LCD_1", 4415, -1455, "T", "DIP", "5V", "", "R", 70.87, 70.87, 43.31, 270],
		[140, "LCD_1", 4415, -1455, "B", "DIP", "5V", "", "R", 70.87, 70.87, 43.31, 270],
		[141, "LCD_2", 4415, -1555, "T", "DIP", "GND", "GND", "C", 70.87, 70.87, 43.31, 270],
		[142, "LCD_2", 4415, -1555, "B", "DIP", "GND", "GND", "C", 70.87, 70.87, 43.31, 270],
		[143, "LCD_3", 4415, -1655, "T", "DIP", "G21", "", "C", 70.87, 70.87, 43.31, 270],
		[144, "LCD_3", 4415, -1655, "B", "DIP", "G21", "", "C", 70.87, 70.87, 43.31, 270],
		[145, "LCD_4", 4415, -1755, "T", "DIP", "G22", "", "C", 70.87, 70.87, 43.31, 270],
		[146, "LCD_4", 4415, -1755, "B", "DIP", "G22", "", "C", 70.87, 70.87, 43.31, 270],
		[147, "LED-ESP32_1", 1931.48, -895, "T", "SMD", "GND", "GND", "R", 31.5, 31.5, 0, 270],
		[148, "LED-ESP32_2", 1868.52, -895, "T", "SMD", "$1N26645", "", "R", 31.5, 31.5, 0, 270],
		[149, "LED-GPS_1", 4253.53, -1940, "T", "SMD", "GND", "GND", "R", 31.5, 31.5, 0, 90],
		[150, "LED-GPS_2", 4316.47, -1940, "T", "SMD", "$1N27075", "", "R", 31.5, 31.5, 0, 90],
		[151, "LED-SD_1", 4236.47, -3149.99, "T", "SMD", "GND", "GND", "R", 31.5, 31.5, 0, 270],
		[152, "LED-SD_2", 4173.53, -3150.01, "T", "SMD", "$1N27034", "", "R", 31.5, 31.5, 0, 270],
		[153, "LED-SIM_1", 1931.48, -3144.99, "T", "SMD", "GND", "GND", "R", 31.5, 31.5, 0, 270],
		[154, "LED-SIM_2", 1868.52, -3145.01, "T", "SMD", "$1N26649", "", "R", 31.5, 31.5, 0, 270],
		[155, "MICROSD_1", 4258.58, -3686.18, "T", "SMD", "MICROSD_1", "", "R", 27.56, 62.99, 0, 0],
		[156, "MICROSD_2", 4215.27, -3686.18, "T", "SMD", "CS_LLS", "", "R", 27.56, 62.99, 0, 0],
		[157, "MICROSD_3", 4171.97, -3686.18, "T", "SMD", "D1_LLS", "", "R", 27.56, 62.99, 0, 0],
		[158, "MICROSD_4", 4128.66, -3686.18, "T", "SMD", "3.3-SD", "", "R", 27.56, 62.99, 0, 0],
		[159, "MICROSD_5", 4085.35, -3686.18, "T", "SMD", "SCK_LLS", "", "R", 27.56, 62.99, 0, 0],
		[160, "MICROSD_6", 4042.04, -3686.18, "T", "SMD", "GND", "GND", "R", 27.56, 62.99, 0, 0],
		[161, "MICROSD_7", 3998.74, -3686.18, "T", "SMD", "D0_LLS", "", "R", 27.56, 62.99, 0, 0],
		[162, "MICROSD_8", 3955.43, -3686.18, "T", "SMD", "MICROSD_8", "", "R", 27.56, 62.99, 0, 0],
		[163, "MICROSD_9", 3912.12, -3686.18, "T", "SMD", "MICROSD_9", "", "R", 27.56, 62.99, 0, 0],
		[164, "MICROSD_10", 3865, -3705.86, "T", "SMD", "GND", "GND", "R", 47.24, 55.12, 0, 0],
		[165, "MICROSD_11", 3864.88, -4083.82, "T", "SMD", "GND", "GND", "R", 47.24, 86.61, 0, 0],
		[166, "MICROSD_12", 4475.12, -4083.82, "T", "SMD", "GND", "GND", "R", 47.24, 86.61, 0, 0],
		[167, "MICROSD_13", 4439.68, -3705.86, "T", "SMD", "GND", "GND", "R", 62.99, 55.12, 0, 0],
		[168, "O1_1", 2759.02, -980, "T", "SMD", "0", "", "O", 27.56, 61.02, 0, 270],
		[169, "O1_2", 2759.02, -1080, "T", "SMD", "G14", "", "O", 27.56, 61.02, 0, 270],
		[170, "O1_3", 3010.98, -1080, "T", "SMD", "GND", "GND", "O", 27.56, 61.02, 0, 270],
		[171, "O1_4", 3010.98, -980, "T", "SMD", "$1N32211", "", "O", 27.56, 61.02, 0, 270],
		[172, "P1_1", 1326.58, -3130, "T", "DIP", "$1N10669", "", "C", 60, 60, 30, 0],
		[173, "P1_1", 1326.58, -3130, "B", "DIP", "$1N10669", "", "C", 60, 60, 30, 0],
		[174, "P1_2", 1425, -3130, "T", "DIP", "3.3V-SIM", "", "C", 60, 60, 30, 0],
		[175, "P1_2", 1425, -3130, "B", "DIP", "3.3V-SIM", "", "C", 60, 60, 30, 0],
		[176, "P1_3", 1523.42, -3130, "T", "DIP", "3.3V-SIM", "", "C", 60, 60, 30, 0],
		[177, "P1_3", 1523.42, -3130, "B", "DIP", "3.3V-SIM", "", "C", 60, 60, 30, 0],
		[178, "P2_1", 1331.58, -880, "T", "DIP", "$1N12090", "", "C", 60, 60, 30, 0],
		[179, "P2_1", 1331.58, -880, "B", "DIP", "$1N12090", "", "C", 60, 60, 30, 0],
		[180, "P2_2", 1430, -880, "T", "DIP", "5V", "", "C", 60, 60, 30, 0],
		[181, "P2_2", 1430, -880, "B", "DIP", "5V", "", "C", 60, 60, 30, 0],
		[182, "P2_3", 1528.42, -880, "T", "DIP", "5V", "", "C", 60, 60, 30, 0],
		[183, "P2_3", 1528.42, -880, "B", "DIP", "5V", "", "C", 60, 60, 30, 0],
		[184, "PRENULL1_1", 3030, -855, "T", "DIP", "GND", "GND", "R", 66.93, 66.93, 43.31, 0],
		[185, "PRENULL1_1", 3030, -855, "B", "DIP", "GND", "GND", "R", 66.93, 66.93, 43.31, 0],
		[186, "PRENULL1_2", 3130, -855, "T", "DIP", "$1N32131", "", "C", 66.93, 66.93, 43.31, 0],
		[187, "PRENULL1_2", 3130, -855, "B", "DIP", "$1N32131", "", "C", 66.93, 66.93, 43.31, 0],
		[188, "PRENULL1_3", 3230, -855, "T", "DIP", "12V", "", "C", 66.93, 66.93, 43.31, 0],
		[189, "PRENULL1_3", 3230, -855, "B", "DIP", "12V", "", "C", 66.93, 66.93, 43.31, 0],
		[190, "PWR_1", 1055, -3980, "T", "DIP", "GND", "GND", "R", 70.87, 70.87, 43.31, 180],
		[191, "PWR_1", 1055, -3980, "B", "DIP", "GND", "GND", "R", 70.87, 70.87, 43.31, 180],
		[192, "PWR_2", 955, -3980, "T", "DIP", "12V", "", "C", 70.87, 70.87, 43.31, 180],
		[193, "PWR_2", 955, -3980, "B", "DIP", "12V", "", "C", 70.87, 70.87, 43.31, 180],
		[194, "PWRN1_1", 2801.47, -1360, "T", "SMD", "GND", "GND", "R", 31.5, 31.5, 0, 270],
		[195, "PWRN1_2", 2738.53, -1360, "T", "SMD", "$1N31754", "", "R", 31.5, 31.5, 0, 270],
		[196, "Q1_1", 3247.4, -1296.38, "T", "SMD", "$1N32422", "", "R", 42.13, 23.62, 0, 90],
		[197, "Q1_2", 3172.6, -1296.38, "T", "SMD", "12V", "", "R", 42.13, 23.62, 0, 90],
		[198, "Q1_3", 3210, -1393.63, "T", "SMD", "$1N32531", "", "R", 42.13, 23.62, 0, 90],
		[199, "R1_1", 1145, -3035.34, "T", "SMD", "$1N10669", "", "R", 31.75, 34.02, 0, 270],
		[200, "R1_2", 1145, -3094.66, "T", "SMD", "GND", "GND", "R", 31.75, 34.02, 0, 270],
		[201, "R2_1", 1764.66, -3145, "T", "SMD", "$1N26649", "", "R", 31.75, 34.02, 0, 180],
		[202, "R2_2", 1705.34, -3145, "T", "SMD", "3.3V-SIM", "", "R", 31.75, 34.02, 0, 180],
		[203, "R3_1", 1150, -785.34, "T", "SMD", "$1N12090", "", "R", 31.75, 34.02, 0, 270],
		[204, "R3_2", 1150, -844.66, "T", "SMD", "GND", "GND", "R", 31.75, 34.02, 0, 270],
		[205, "R4_1", 1769.66, -895, "T", "SMD", "$1N26645", "", "R", 31.75, 34.02, 0, 180],
		[206, "R4_2", 1710.34, -895, "T", "SMD", "5V", "", "R", 31.75, 34.02, 0, 180],
		[207, "R5_1", 2644.66, -1360, "T", "SMD", "$1N31754", "", "R", 31.75, 34.02, 0, 180],
		[208, "R5_2", 2585.34, -1360, "T", "SMD", "12V", "", "R", 31.75, 34.02, 0, 180],
		[209, "R6_1", 2655, -1090.34, "T", "SMD", "$1N32646", "", "R", 31.75, 34.02, 0, 270],
		[210, "R6_2", 2655, -1149.66, "T", "SMD", "$1N32531", "", "R", 31.75, 34.02, 0, 270],
		[211, "R7_1", 2874.66, -845, "T", "SMD", "$1N32131", "", "R", 31.75, 34.02, 0, 180],
		[212, "R7_2", 2815.34, -845, "T", "SMD", "0", "", "R", 31.75, 34.02, 0, 180],
		[213, "R8_1", 3105, -1125.34, "T", "SMD", "$1N32211", "", "R", 31.75, 34.02, 0, 270],
		[214, "R8_2", 3105, -1184.66, "T", "SMD", "12V", "", "R", 31.75, 34.02, 0, 270],
		[215, "R9_1", 3200, -1125.34, "T", "SMD", "$1N32211", "", "R", 31.75, 34.02, 0, 270],
		[216, "R9_2", 3200, -1184.66, "T", "SMD", "$1N32422", "", "R", 31.75, 34.02, 0, 270],
		[217, "R10_1", 4450.51, -1939.4, "T", "SMD", "$1N27075", "", "R", 31.75, 34.02, 0, 0],
		[218, "R10_2", 4509.83, -1939.4, "T", "SMD", "PPS", "", "R", 31.75, 34.02, 0, 0],
		[219, "R11_1", 4128.25, -3494.68, "T", "SMD", "$1N27034", "", "R", 31.75, 34.02, 0, 270],
		[220, "R11_2", 4128.25, -3554, "T", "SMD", "3.3-SD", "", "R", 31.75, 34.02, 0, 270],
		[221, "R12_1", 3974.58, -3551.49, "T", "SMD", "G18", "", "R", 31.75, 34.02, 0, 90],
		[222, "R12_2", 3974.58, -3492.17, "T", "SMD", "$1N4599", "", "R", 31.75, 34.02, 0, 90],
		[223, "R13_1", 3899.58, -3549.78, "T", "SMD", "G23", "", "R", 31.75, 34.02, 0, 90],
		[224, "R13_2", 3899.58, -3490.46, "T", "SMD", "$1N4594", "", "R", 31.75, 34.02, 0, 90],
		[225, "R14_1", 4000, -3054.66, "T", "SMD", "$1N4609", "", "R", 31.75, 34.02, 0, 90],
		[226, "R14_2", 4000, -2995.34, "T", "SMD", "G5", "", "R", 31.75, 34.02, 0, 90],
		[227, "R15_1", 3910, -3054.66, "T", "SMD", "$1N4604", "", "R", 31.75, 34.02, 0, 90],
		[228, "R15_2", 3910, -2995.34, "T", "SMD", "D0_LLS", "", "R", 31.75, 34.02, 0, 90],
		[229, "RELE_1", 3485.83, -1372.25, "T", "DIP", "$1N32531", "", "C", 78.74, 78.74, 51.18, 180],
		[230, "RELE_1", 3485.83, -1372.25, "B", "DIP", "$1N32531", "", "C", 78.74, 78.74, 51.18, 180],
		[231, "RELE_2", 3485.83, -899.81, "T", "DIP", "GND", "GND", "C", 78.74, 78.74, 51.18, 180],
		[232, "RELE_2", 3485.83, -899.81, "B", "DIP", "GND", "GND", "C", 78.74, 78.74, 51.18, 180],
		[233, "RELE_3", 3966.15, -899.81, "T", "DIP", "NO", "", "C", 78.74, 78.74, 51.18, 180],
		[234, "RELE_3", 3966.15, -899.81, "B", "DIP", "NO", "", "C", 78.74, 78.74, 51.18, 180],
		[235, "RELE_4", 3407.09, -1136.03, "T", "DIP", "12V", "", "C", 86.61, 86.61, 59.06, 180],
		[236, "RELE_4", 3407.09, -1136.03, "B", "DIP", "12V", "", "C", 86.61, 86.61, 59.06, 180],
		[237, "RELE_5", 3966.15, -1372.25, "T", "DIP", "NC", "", "C", 78.74, 78.74, 51.18, 180],
		[238, "RELE_5", 3966.15, -1372.25, "B", "DIP", "NC", "", "C", 78.74, 78.74, 51.18, 180],
		[239, "S1_1", 985.94, -3720, "T", "SMD", "$1N10452", "", "R", 81.5, 81.1, 0, 0],
		[240, "S1_2", 834.06, -3720, "T", "SMD", "GND", "GND", "R", 81.5, 81.1, 0, 0],
		[241, "S2_1", 990.94, -1470, "T", "SMD", "$1N12078", "", "R", 81.5, 81.1, 0, 0],
		[242, "S2_2", 839.06, -1470, "T", "SMD", "GND", "GND", "R", 81.5, 81.1, 0, 0],
		[243, "SIGNAL_1", 2654.99, -933.53, "T", "SMD", "GND", "GND", "R", 31.5, 31.5, 0, 0],
		[244, "SIGNAL_2", 2655.01, -996.47, "T", "SMD", "$1N32646", "", "R", 31.5, 31.5, 0, 0],
		[245, "SIM7600G_1", 3205, -2885, "T", "DIP", "GND", "GND", "R", 62, 66.93, 43.31, 180],
		[246, "SIM7600G_1", 3205, -2885, "B", "DIP", "GND", "GND", "R", 62, 66.93, 43.31, 180],
		[247, "SIM7600G_2", 3105, -2885, "T", "DIP", "G17", "", "C", 66.93, 66.93, 43.31, 180],
		[248, "SIM7600G_2", 3105, -2885, "B", "DIP", "G17", "", "C", 66.93, 66.93, 43.31, 180],
		[249, "SIM7600G_3", 3005, -2885, "T", "DIP", "G16", "", "C", 66.93, 66.93, 43.31, 180],
		[250, "SIM7600G_3", 3005, -2885, "B", "DIP", "G16", "", "C", 66.93, 66.93, 43.31, 180],
		[251, "SIM7600G_4", 2905, -2885, "T", "DIP", "G4", "", "C", 66.93, 66.93, 43.31, 180],
		[252, "SIM7600G_4", 2905, -2885, "B", "DIP", "G4", "", "C", 66.93, 66.93, 43.31, 180],
		[253, "SIM7600G_5", 2805, -2885, "T", "DIP", "3.3V-SIM", "", "C", 66.93, 66.93, 43.31, 180],
		[254, "SIM7600G_5", 2805, -2885, "B", "DIP", "3.3V-SIM", "", "C", 66.93, 66.93, 43.31, 180],
		[255, "SIM7600G_6", 2705, -2885, "T", "DIP", "GND", "GND", "C", 66.93, 66.93, 43.31, 180],
		[256, "SIM7600G_6", 2705, -2885, "B", "DIP", "GND", "GND", "C", 66.93, 66.93, 43.31, 180],
		[257, "SIM7600G_7", 2605, -2885, "T", "DIP", "G33", "", "C", 66.93, 66.93, 43.31, 180],
		[258, "SIM7600G_7", 2605, -2885, "B", "DIP", "G33", "", "C", 66.93, 66.93, 43.31, 180],
		[259, "U1_1", 711.14, -3553.14, "T", "SMD", "12V", "", "R", 121.37, 40.16, 0, 270],
		[260, "U1_2", 778.07, -3553.14, "T", "SMD", "$1N10452", "", "R", 121.37, 40.16, 0, 270],
		[261, "U1_3", 845, -3553.14, "T", "SMD", "GND", "GND", "R", 121.37, 40.16, 0, 270],
		[262, "U1_4", 911.93, -3553.14, "T", "SMD", "$1N10669", "", "R", 121.37, 40.16, 0, 270],
		[263, "U1_5", 978.86, -3553.14, "T", "SMD", "GND", "GND", "R", 121.37, 40.16, 0, 270],
		[264, "U1_6", 845, -3146.86, "T", "SMD", "GND", "GND", "R", 334.64, 433.07, 0, 270],
		[265, "U2_1", 716.14, -1303.14, "T", "SMD", "12V", "", "R", 121.37, 40.16, 0, 270],
		[266, "U2_2", 783.07, -1303.14, "T", "SMD", "$1N12078", "", "R", 121.37, 40.16, 0, 270],
		[267, "U2_3", 850, -1303.14, "T", "SMD", "GND", "GND", "R", 121.37, 40.16, 0, 270],
		[268, "U2_4", 916.93, -1303.14, "T", "SMD", "$1N12090", "", "R", 121.37, 40.16, 0, 270],
		[269, "U2_5", 983.86, -1303.14, "T", "SMD", "GND", "GND", "R", 121.37, 40.16, 0, 270],
		[270, "U2_6", 850, -896.85, "T", "SMD", "GND", "GND", "R", 334.64, 433.07, 0, 270],
		[271, "U3_1", 4532.99, -3395.55, "T", "SMD", "GND", "GND", "R", 92.13, 38.58, 0, 0],
		[272, "U3_2", 4532.99, -3305, "T", "SMD", "3.3-SD", "", "R", 92.13, 38.58, 0, 0],
		[273, "U3_3", 4532.99, -3214.45, "T", "SMD", "5V", "", "R", 92.13, 38.58, 0, 0],
		[274, "U3_4", 4307.01, -3305, "T", "SMD", "3.3-SD", "", "R", 92.13, 141.73, 0, 0],
		[275, "PAD1_2", 153.21, -2515, "T", "DIP", "GND", "GND", "C", 100, 100, 80, 0],
		[276, "PAD1_2", 153.21, -2515, "B", "DIP", "GND", "GND", "C", 100, 100, 80, 0],
		[277, "PAD2_3", 153.21, -3015, "T", "DIP", "GND", "GND", "C", 100, 100, 80, 0],
		[278, "PAD2_3", 153.21, -3015, "B", "DIP", "GND", "GND", "C", 100, 100, 80, 0],
		[279, "PAD3_1", 153.21, -2015, "T", "DIP", "GND", "GND", "C", 100, 100, 80, 0],
		[280, "PAD3_1", 153.21, -2015, "B", "DIP", "GND", "GND", "C", 100, 100, 80, 0]
	]
}
}